-- phpMyAdmin SQL Dump
-- version 4.7.9
-- https://www.phpmyadmin.net/
--
-- Servidor: 127.0.0.1
-- Tiempo de generaci칩n: 29-05-2018 a las 01:22:01
-- Versi칩n del servidor: 10.1.31-MariaDB
-- Versi칩n de PHP: 5.6.34

SET SQL_MODE = "NO_AUTO_VALUE_ON_ZERO";
SET AUTOCOMMIT = 0;
START TRANSACTION;
SET time_zone = "+00:00";


/*!40101 SET @OLD_CHARACTER_SET_CLIENT=@@CHARACTER_SET_CLIENT */;
/*!40101 SET @OLD_CHARACTER_SET_RESULTS=@@CHARACTER_SET_RESULTS */;
/*!40101 SET @OLD_COLLATION_CONNECTION=@@COLLATION_CONNECTION */;
/*!40101 SET NAMES utf8mb4 */;

--
-- Base de datos: `store`
--
CREATE DATABASE IF NOT EXISTS `store` DEFAULT CHARACTER SET latin1 COLLATE latin1_swedish_ci;
USE `store`;

-- --------------------------------------------------------

--
-- Estructura de tabla para la tabla `administrador`
--

CREATE TABLE IF NOT EXISTS `administrador` (
  `Nombre` varchar(30) NOT NULL,
  `Clave` text NOT NULL,
  PRIMARY KEY (`Nombre`)
) ENGINE=InnoDB DEFAULT CHARSET=latin1;

--
-- Volcado de datos para la tabla `administrador`
--

INSERT INTO `administrador` (`Nombre`, `Clave`) VALUES
('admin', 'admin'),
('adminluis', 'admin2'),
('Jony', 'jony1');

-- --------------------------------------------------------

--
-- Estructura de tabla para la tabla `categoria`
--

CREATE TABLE IF NOT EXISTS `categoria` (
  `CodigoCat` varchar(30) NOT NULL,
  `Nombre` varchar(30) NOT NULL,
  `Descripcion` text NOT NULL,
  PRIMARY KEY (`CodigoCat`)
) ENGINE=InnoDB DEFAULT CHARSET=latin1;

--
-- Volcado de datos para la tabla `categoria`
--

INSERT INTO `categoria` (`CodigoCat`, `Nombre`, `Descripcion`) VALUES
('C1', 'Frappe', 'Cafe conjelado'),
('C2', 'Snack', 'Botana'),
('C3', 'Bebidas Calientes', 'Bebidas de cafe caliente');

-- --------------------------------------------------------

--
-- Estructura de tabla para la tabla `cliente`
--

CREATE TABLE IF NOT EXISTS `cliente` (
  `ID_usu` varchar(30) NOT NULL,
  `Nombre` varchar(30) NOT NULL,
  `NombreCompleto` varchar(70) NOT NULL,
  `Apellido` varchar(70) NOT NULL,
  `Clave` text NOT NULL,
  `Direccion` varchar(200) NOT NULL,
  `Telefono` int(20) NOT NULL,
  `Email` varchar(30) NOT NULL,
  PRIMARY KEY (`ID_usu`)
) ENGINE=InnoDB DEFAULT CHARSET=latin1;

--
-- Volcado de datos para la tabla `cliente`
--

INSERT INTO `cliente` (`ID_usu`, `Nombre`, `NombreCompleto`, `Apellido`, `Clave`, `Direccion`, `Telefono`, `Email`) VALUES
('2682', 'Paty', 'Patricia', 'Q', 'ptay123', 'Orizaba', 2147483647, 'paty@gmail.com'),
('2747', 'Gilberto', 'Luis Gilbedfsd', 'Sanchez Amador', 'luis1', 'Oaxaca', 32234234, 'jony@gmai.com'),
('2749', 'Bibi', 'Abigail', 'Giron Hernandez', 'bibi123', 'Cosolapa Oaxaca', 2147483647, 'aabiigaazz@gmail.com'),
('2906', 'Jonyq', 'Jonathan ', 'Martinez Ocampooo', 'humer555', 'Oaxaca', 2147483647, 'jony@gmai.com');

-- --------------------------------------------------------

--
-- Estructura de tabla para la tabla `detalle`
--

CREATE TABLE IF NOT EXISTS `detalle` (
  `NumPedido` int(20) NOT NULL,
  `CodigoProd` varchar(30) NOT NULL,
  `CantidadProductos` int(20) NOT NULL,
  KEY `NumPedido` (`NumPedido`),
  KEY `CodigoProd` (`CodigoProd`)
) ENGINE=InnoDB DEFAULT CHARSET=latin1;

--
-- Volcado de datos para la tabla `detalle`
--

INSERT INTO `detalle` (`NumPedido`, `CodigoProd`, `CantidadProductos`) VALUES
(50, '006', 1),
(50, '001', 1),
(50, '002', 1),
(50, '003', 1),
(51, '003', 1),
(52, '001', 1),
(52, '002', 1),
(52, '007', 1),
(53, '003', 1),
(53, '005', 1),
(53, '004', 1),
(54, '001', 1),
(54, '002', 1),
(54, '003', 1);

-- --------------------------------------------------------

--
-- Estructura de tabla para la tabla `producto`
--

CREATE TABLE IF NOT EXISTS `producto` (
  `CodigoProd` varchar(30) NOT NULL,
  `NombreProd` varchar(30) NOT NULL,
  `CodigoCat` varchar(30) NOT NULL,
  `Precio` decimal(30,2) NOT NULL,
  `Modelo` varchar(30) NOT NULL,
  `Imagen` varchar(150) NOT NULL,
  `Nombre` varchar(30) NOT NULL,
  PRIMARY KEY (`CodigoProd`),
  KEY `CodigoCat` (`CodigoCat`),
  KEY `Agregado` (`Nombre`)
) ENGINE=InnoDB DEFAULT CHARSET=latin1;

--
-- Volcado de datos para la tabla `producto`
--

INSERT INTO `producto` (`CodigoProd`, `NombreProd`, `CodigoCat`, `Precio`, `Modelo`, `Imagen`, `Nombre`) VALUES
('001', 'Alitas BBQ', 'C2', '45.00', 'Alitas ba침adas en salsa BBQ', '5.png', 'admin'),
('002', 'Frappe Oreo', 'C1', '38.00', 'Cafe conjelado', '2.png', 'Jony'),
('003', 'Frappe Unicornio', 'C1', '39.00', 'Cafe conjelado', '3.png', 'Jony'),
('004', 'Crepa de Nutella', 'C2', '35.00', 'Crepa rellena de nutella, fres', '1.png', 'Jony'),
('005', 'Hamburgesa', 'C2', '45.00', 'Hamburguesa', '4.png', 'Jony'),
('006', 'Capuccino Clasico', 'C3', '25.00', 'Cafe americano con leche espum', '6.png', 'Jony'),
('007', 'Cafe Espresso', 'C3', '20.00', 'Cafe caliente', '7.png', 'Jony'),
('008', 'Frappe Moka', 'C1', '38.00', 'Cafe conjelado', '8.png', 'Jony'),
('009', 'Nuuggets de Pollo', 'C2', '37.00', 'Bolitas de pollo', '9.png', 'admin');

-- --------------------------------------------------------

--
-- Estructura de tabla para la tabla `venta`
--

CREATE TABLE IF NOT EXISTS `venta` (
  `NumPedido` int(20) NOT NULL AUTO_INCREMENT,
  `Fecha` varchar(150) NOT NULL,
  `NIT` varchar(30) NOT NULL,
  `Descuento` int(20) NOT NULL,
  `TotalPagar` decimal(30,2) NOT NULL,
  `Estado` varchar(150) NOT NULL,
  PRIMARY KEY (`NumPedido`),
  KEY `NIT` (`NIT`),
  KEY `NIT_2` (`NIT`)
) ENGINE=InnoDB AUTO_INCREMENT=55 DEFAULT CHARSET=latin1;

--
-- Volcado de datos para la tabla `venta`
--

INSERT INTO `venta` (`NumPedido`, `Fecha`, `NIT`, `Descuento`, `TotalPagar`, `Estado`) VALUES
(50, '27-05-2018', '2906', 0, '147.00', 'Entregado'),
(51, '27-05-2018', '2906', 0, '39.00', 'Pendiente'),
(52, '27-05-2018', '2906', 0, '103.00', 'Pendiente'),
(53, '27-05-2018', '2749', 0, '119.00', 'Entregado'),
(54, '28-05-2018', '2682', 0, '122.00', 'Entregado');

--
-- Restricciones para tablas volcadas
--

--
-- Filtros para la tabla `detalle`
--
ALTER TABLE `detalle`
  ADD CONSTRAINT `detalle_ibfk_8` FOREIGN KEY (`CodigoProd`) REFERENCES `producto` (`CodigoProd`) ON UPDATE CASCADE,
  ADD CONSTRAINT `detalle_ibfk_9` FOREIGN KEY (`NumPedido`) REFERENCES `venta` (`NumPedido`) ON DELETE CASCADE ON UPDATE CASCADE;

--
-- Filtros para la tabla `producto`
--
ALTER TABLE `producto`
  ADD CONSTRAINT `producto_ibfk_7` FOREIGN KEY (`CodigoCat`) REFERENCES `categoria` (`CodigoCat`) ON DELETE CASCADE ON UPDATE CASCADE,
  ADD CONSTRAINT `producto_ibfk_9` FOREIGN KEY (`Nombre`) REFERENCES `administrador` (`Nombre`);

--
-- Filtros para la tabla `venta`
--
ALTER TABLE `venta`
  ADD CONSTRAINT `venta_ibfk_1` FOREIGN KEY (`NIT`) REFERENCES `cliente` (`ID_usu`) ON UPDATE CASCADE;
COMMIT;

/*!40101 SET CHARACTER_SET_CLIENT=@OLD_CHARACTER_SET_CLIENT */;
/*!40101 SET CHARACTER_SET_RESULTS=@OLD_CHARACTER_SET_RESULTS */;
/*!40101 SET COLLATION_CONNECTION=@OLD_COLLATION_CONNECTION */;
